<assembly xmlns="http://maven.apache.org/ASSEMBLY/2.0.0"
          xmlns:xsi="http://www.w3.org/2001/XMLSchema-instance"
          xsi:schemaLocation="http://maven.apache.org/ASSEMBLY/2.0.0 http://maven.apache.org/xsd/assembly-2.0.0.xsd">

  <id>distribution</id>
  <formats>
    <format>tar.gz</format>
  </formats>
  <files>
    <file>
      <source>${project.build.directory}/${artifact.artifactId}-${artifact.version}-shaded.jar</source>
      <outputDirectory>bin/</outputDirectory>
    </file>
  </files>
  <fileSets>
    <fileSet>
      <directory>.</directory>
      <outputDirectory>conf</outputDirectory>
      <excludes>
        <exclude>*/**</exclude>
      </excludes>
    </fileSet>
    <fileSet>
      <directory>.</directory>
      <outputDirectory>logs</outputDirectory>
      <excludes>
        <exclude>*/**</exclude>
      </excludes>
    </fileSet>
  </fileSets>
  <includeBaseDirectory>false</includeBaseDirectory>
</assembly>
