{
  "onhr": {
    "schemaList": [
      "arg",
      "bra",
      "chl",
      "col",
      "ecu",
      "entity",
      "gbr",
      "gbu",
      "global",
      "mex",
      "peru",
      "ury"
    ],
    "entitySchema": "onhr_entity"
  },
  "hdfs": {
    "rootPath": "/mnt/d/git/onhr-core",
    "sourcePath": "input",
    "processedPath": "result",
    "anonymisedPath": "anonymised",
    "nonAnonymisedPath": "default",
    "catalogPath": "catalog",
    "defaultSeparator": "|"
  },
  "hive": {
    "timestampFormat": "yyyy-MM-dd'T'HH:mm:sss'Z'",
    "schemaPrefix": "onhr",
    "anonymisedSuffix": "anonymised"
  },
  "jdbc": {
    "dbType": "mysql",
    "driver": "org.mariadb.jdbc.Driver",
    "username": "onhr_master",
    "password": "hrsf2018",
    "host": "10.93.14.123",
    "port": "3306",
    "timestampFormat": "yyyy-MM-dd'T'HH:mm:sss'Z'",
    "schemaPrefix": "onhr",
    "anonymisedSuffix": "anonymised",
    "indexPrefix": "IX_ONHR"
  }
}