{
  "onhr": {
    "schemas": {
      "arg": {
        "name": "onhr_arg",
        "default": true,
        "anonymised": false,
        "hiveIngest": true,
        "MySQLIngest": true,
        "JDBCConns": [
          "GENERAL"
        ],
        "countryCodes": [
          "arg"
        ]
      },
      "bra": {
        "name": "onhr_bra",
        "default": true,
        "anonymised": false,
        "hiveIngest": true,
        "MySQLIngest": true,
        "JDBCConns": [
          "GENERAL"
        ],
        "countryCodes": [
          "bra"
        ]
      },
      "chl": {
        "name": "onhr_chl",
        "default": true,
        "anonymised": false,
        "hiveIngest": true,
        "MySQLIngest": true,
        "JDBCConns": [
          "GENERAL"
        ],
        "countryCodes": [
          "chl"
        ]
      },
      "col": {
        "name": "onhr_col",
        "default": true,
        "anonymised": false,
        "hiveIngest": true,
        "MySQLIngest": true,
        "JDBCConns": [
          "GENERAL"
        ],
        "countryCodes": [
          "col"
        ]
      },
      "ecu": {
        "name": "onhr_ecu",
        "default": true,
        "anonymised": false,
        "hiveIngest": true,
        "MySQLIngest": true,
        "JDBCConns": [
          "GENERAL"
        ],
        "countryCodes": [
          "ecu"
        ]
      },
      "esp": {
        "name": "onhr_esp",
        "default": true,
        "anonymised": false,
        "hiveIngest": true,
        "MySQLIngest": true,
        "JDBCConns": [
          "GENERAL"
        ],
        "countryCodes": [
          "esp"
        ]
      },
      "gbr": {
        "name": "onhr_gbr",
        "default": true,
        "anonymised": false,
        "hiveIngest": true,
        "MySQLIngest": true,
        "JDBCConns": [
          "GENERAL"
        ],
        "countryCodes": [
          "gbr",
          "irl"
        ]
      },
      "gbu": {
        "name": "onhr_gbu",
        "default": true,
        "anonymised": false,
        "hiveIngest": true,
        "MySQLIngest": true,
        "JDBCConns": [
          "GBU"
        ],
        "countryCodes": []
      },
      "global": {
        "name": "onhr_global",
        "default": true,
        "anonymised": true,
        "hiveIngest": true,
        "MySQLIngest": true,
        "JDBCConns": [
          "MARIA_DB",
          "GENERAL"
        ],
        "countryCodes": []
      },
      "entity": {
        "name": "onhr_entity",
        "default": false,
        "anonymised": false,
        "hiveIngest": false,
        "MySQLIngest": false,
        "JDBCConns": [
          "GENERAL"
        ],
        "countryCodes": []
      },
      "mex": {
        "name": "onhr_mex",
        "default": true,
        "anonymised": false,
        "hiveIngest": true,
        "MySQLIngest": true,
        "JDBCConns": [
          "GENERAL"
        ],
        "countryCodes": [
          "ecu"
        ]
      },
      "peru": {
        "name": "onhr_per",
        "default": true,
        "anonymised": false,
        "hiveIngest": true,
        "MySQLIngest": true,
        "JDBCConns": [
          "GENERAL"
        ],
        "countryCodes": [
          "per"
        ]
      },
      "ury": {
        "name": "onhr_ury",
        "default": true,
        "anonymised": false,
        "hiveIngest": true,
        "MySQLIngest": true,
        "JDBCConns": [
          "GENERAL"
        ],
        "countryCodes": [
          "ury"
        ]
      }
    },
    "entitySchema": "entity",
    "globalSchema": "global",
    "denormSeparator": "##",
    "defaultTableFilters": {
      "PICKLISTLABEL": {
        "PICKLISTLABEL_LOCALE": "en_US"
      },
      "PICKLISTOPTION": {
        "PICKLISTLABELS_LOCALE": "en_US"
      }
    },
    "relationWithMidTable": {
      "originTables": [
        "EC_EMPLOYEE_TIME",
        "EP_BKG_.*"
      ],
      "originField": "USER_ID",
      "targetTable": "EP_USER_SFSF",
      "targetColumns": [
        "USER_ID",
        "COMPANY_CODE"
      ]
    },
    "gbuValues": [
      "CCDO",
      "CDO",
      "CCDO / CDO",
      "GLOBAL HQ",
      "GLOBAL RESOURCES",
      "T. HISPAM",
      "CCDO (BU00002)",
      "GLOBAL RESOURCES (BU00004)",
      "CHIEF DATA OFFICE"
    ],
    "defaultTableFieldReplace": {
      "BACKGROUND_AWARDS": {
        "originField": "userIdNav_userId",
        "replaceField": "BACKGROUND_AWARDS_userId"
      },
      "BACKGROUND_COMMUNITY": {
        "originField": "userIdNav_userId",
        "replaceField": "BACKGROUND_COMMUNITY_userId"
      },
      "BACKGROUND_COURSES": {
        "originField": "userIdNav_userId",
        "replaceField": "BACKGROUND_COURSES_userId"
      },
      "BACKGROUND_EDUCATION": {
        "originField": "userIdNav_userId",
        "replaceField": "BACKGROUND_EDUCATION_userId"
      },
      "BACKGROUND_EXPERIENCE": {
        "originField": "userIdNav_userId",
        "replaceField": "BACKGROUND_EXPERIENCE_userId"
      },
      "BACKGROUND_HARD": {
        "originField": "userIdNav_userId",
        "replaceField": "BACKGROUND_HARD_userId"
      },
      "BACKGROUND_INSIDEWORKEXPERIENCE": {
        "originField": "userIdNav_userId",
        "replaceField": "BACKGROUND_INSIDEWORKEXPERIENCE_userId"
      },
      "BACKGROUND_LANGUAGES": {
        "originField": "userIdNav_userId",
        "replaceField": "BACKGROUND_LANGUAGES_userId"
      },
      "BACKGROUND_LEADEXPERIENCE": {
        "originField": "userIdNav_userId",
        "replaceField": "BACKGROUND_LEADEXPERIENCE_userId"
      },
      "BACKGROUND_MOBILITY": {
        "originField": "userIdNav_userId",
        "replaceField": "BACKGROUND_MOBILITY_userId"
      },
      "BACKGROUND_OPPORTUNITY": {
        "originField": "userIdNav_userId",
        "replaceField": "BACKGROUND_OPPORTUNITY_userId"
      },
      "BACKGROUND_OUTSIDEWORKEXPERIENCE": {
        "originField": "userIdNav_userId",
        "replaceField": "BACKGROUND_OUTSIDEWORKEXPERIENCE_userId"
      },
      "BACKGROUND_SKILLS": {
        "originField": "userIdNav_userId",
        "replaceField": "BACKGROUND_SKILLS_userId"
      },
      "BACKGROUND_SOFT": {
        "originField": "userIdNav_userId",
        "replaceField": "BACKGROUND_SOFT_userId"
      },
      "BACKGROUND_SPECIALASSIGN": {
        "originField": "userIdNav_userId",
        "replaceField": "BACKGROUND_SPECIALASSIGN_userId"
      },
      "BACKGROUND_STRENGTH": {
        "originField": "userIdNav_userId",
        "replaceField": "BACKGROUND_STRENGTH_userId"
      }
    },
    "gbuMapping": {
      "EC_NATIONAL_ID": {
        "originField": "person_id_external",
        "targetTable": "ec_job_information",
        "targetField": "user_id",
        "gbuField": "business_unit_desc"
      },
      "EC_EMAIL_INFO": {
        "originField": "person_id_external",
        "targetTable": "ec_job_information",
        "targetField": "user_id",
        "gbuField": "business_unit_desc"
      },
      "EC_PHONE_INFO": {
        "originField": "person_id_external",
        "targetTable": "ec_job_information",
        "targetField": "user_id",
        "gbuField": "business_unit_desc"
      },
      "EC_HOME_ADDRESS": {
        "originField": "person_id_external",
        "targetTable": "ec_job_information",
        "targetField": "user_id",
        "gbuField": "business_unit_desc"
      },
      "EC_BIOGRAPHICAL_INFO": {
        "originField": "person_id",
        "targetTable": "ec_job_information",
        "targetField": "user_id",
        "gbuField": "business_unit_desc"
      },
      "EC_COMPENSATION": {
        "originField": "user_id",
        "targetTable": "ec_job_information",
        "targetField": "user_id",
        "gbuField": "business_unit_desc"
      },
      "EC_EMPLOYMENT_DETAILS": {
        "originField": "user_id",
        "targetTable": "ec_job_information",
        "targetField": "user_id",
        "gbuField": "business_unit_desc"
      },
      "EC_EMPLOYMENT_DETAILS_TERMINATION": {
        "originField": "user_id",
        "targetTable": "ec_job_information",
        "targetField": "user_id",
        "gbuField": "business_unit_desc"
      },
      "EC_PERSONAL_INFO": {
        "originField": "person_id_external",
        "targetTable": "ec_job_information",
        "targetField": "user_id",
        "gbuField": "business_unit_desc"
      },
      "EC_POSITION": {
        "originField": "position_id",
        "targetTable": "ec_job_information",
        "targetField": "user_id",
        "gbuField": "business_unit_desc"
      },
      "EC_WORK_PERMIT_INFO": {
        "originField": "user_id",
        "targetTable": "ec_job_information",
        "targetField": "user_id",
        "gbuField": "business_unit_desc"
      },
      "EC_ALTERNATIVE_COST_DISTRIBUTION": {
        "originField": "user_",
        "targetTable": "ec_job_information",
        "targetField": "user_id",
        "gbuField": "business_unit_desc"
      },
      "EC_GLOBAL_ASSIGNMENT_DETAILS": {
        "originField": "user_id",
        "targetTable": "ec_job_information",
        "targetField": "user_id",
        "gbuField": "business_unit_desc"
      },
      "EC_JOB_RELATIONSHIPS": {
        "originField": "user_id",
        "targetTable": "ec_job_information",
        "targetField": "user_id",
        "gbuField": "business_unit_desc"
      },
      "EC_SPOT_BONUS_GLOBAL_MOBILITY": {
        "originField": "user_id",
        "targetTable": "ec_job_information",
        "targetField": "user_id",
        "gbuField": "business_unit_desc"
      },
      "EC_ID_MANAGEMENT": {
        "originField": "external_code",
        "targetTable": "ec_job_information",
        "targetField": "user_id",
        "gbuField": "business_unit_desc"
      },
      "EP_BKG_AWARDS": {
        "originField": "user_id",
        "targetTable": "ep_user_sfsf",
        "targetField": "user_id",
        "gbuField": "business_unit_desc"
      },
      "EP_BKG_CAREERGOALS": {
        "originField": "user_id",
        "targetTable": "ep_user_sfsf",
        "targetField": "user_id",
        "gbuField": "business_unit_desc"
      },
      "EP_BKG_COMMUNITY": {
        "originField": "user_id",
        "targetTable": "ep_user_sfsf",
        "targetField": "user_id",
        "gbuField": "business_unit_desc"
      },
      "EP_BKG_COURSES": {
        "originField": "user_id",
        "targetTable": "ep_user_sfsf",
        "targetField": "user_id",
        "gbuField": "business_unit_desc"
      },
      "EP_BKG_INSIDE_WORK_EXPERIENCE": {
        "originField": "user_id",
        "targetTable": "ep_user_sfsf",
        "targetField": "user_id",
        "gbuField": "business_unit_desc"
      },
      "EP_BKG_LANGUAGES": {
        "originField": "user_id",
        "targetTable": "ep_user_sfsf",
        "targetField": "user_id",
        "gbuField": "business_unit_desc"
      },
      "EP_BKG_LEAD_EXPERIENCE": {
        "originField": "user_id",
        "targetTable": "ep_user_sfsf",
        "targetField": "user_id",
        "gbuField": "business_unit_desc"
      },
      "EP_BKG_MOBILITY": {
        "originField": "user_id",
        "targetTable": "ep_user_sfsf",
        "targetField": "user_id",
        "gbuField": "business_unit_desc"
      },
      "EP_BKG_OPPORTUNITY": {
        "originField": "user_id",
        "targetTable": "ep_user_sfsf",
        "targetField": "user_id",
        "gbuField": "business_unit_desc"
      },
      "EP_BKG_OUTSIDE_WORK_EXPERIENCE": {
        "originField": "user_id",
        "targetTable": "ep_user_sfsf",
        "targetField": "user_id",
        "gbuField": "business_unit_desc"
      },
      "EP_BKG_SKILLS": {
        "originField": "user_id",
        "targetTable": "ep_user_sfsf",
        "targetField": "user_id",
        "gbuField": "business_unit_desc"
      },
      "EP_BKG_SPECIAL_ASSIGN": {
        "originField": "user_id",
        "targetTable": "ep_user_sfsf",
        "targetField": "user_id",
        "gbuField": "business_unit_desc"
      },
      "EP_BKG_STRENGHT": {
        "originField": "user_id",
        "targetTable": "ep_user_sfsf",
        "targetField": "user_id",
        "gbuField": "business_unit_desc"
      },
      "EP_BKG_USER_BADGERS": {
        "originField": "user_id",
        "targetTable": "ep_user_sfsf",
        "targetField": "user_id",
        "gbuField": "business_unit_desc"
      },
      "REC_CANDIDATE": {
        "originField": "users_sys_id",
        "targetTable": "ec_job_information",
        "targetField": "user_id",
        "gbuField": "business_unit_desc"
      },
      "REC_JOB_APPLICATION": {
        "originField": "job_requisition_id",
        "targetTable": "rec_job_requisition",
        "targetField": "job_requisition_id",
        "gbuField": "business_unit"
      },
      "REC_JOB_REQUISITION_LOCALE": {
        "originField": "job_requisition_id",
        "targetTable": "rec_job_requisition",
        "targetField": "job_requisition_id",
        "gbuField": "business_unit"
      },
      "REC_JOB_REQUISITION_POSTING": {
        "originField": "job_requisition_id",
        "targetTable": "rec_job_requisition",
        "targetField": "job_requisition_id",
        "gbuField": "business_unit"
      },
      "PER_FORM_AUDIT_TRAIL": {
        "originField": "user_id",
        "targetTable": "ep_user_sfsf",
        "targetField": "user_id",
        "gbuField": "business_unit_desc"
      },
      "PER_FORM_CONTENT": {
        "originField": "user_id",
        "targetTable": "ep_user_sfsf",
        "targetField": "user_id",
        "gbuField": "business_unit_desc"
      },
      "PER_FORM_HEADER": {
        "originField": "user_id",
        "targetTable": "ep_user_sfsf",
        "targetField": "user_id",
        "gbuField": "business_unit_desc"
      },
      "COM_COMPENSATION_INFORMATION": {
        "originField": "user_id",
        "targetTable": "ep_user_sfsf",
        "targetField": "user_id",
        "gbuField": "business_unit_desc"
      },
      "COM_COMPENSATION": {
        "originField": "user_id",
        "targetTable": "ep_user_sfsf",
        "targetField": "user_id",
        "gbuField": "business_unit_desc"
      },
      "COM_SPOTBONUS_GLOBALMOBILITY": {
        "originField": "user_id_code",
        "targetTable": "ep_user_sfsf",
        "targetField": "user_id",
        "gbuField": "business_unit_desc"
      },
      "COM_EMPCOMPENSATION_CALCULATED": {
        "originField": "user_id",
        "targetTable": "ep_user_sfsf",
        "targetField": "user_id",
        "gbuField": "business_unit_desc"
      },
      "COM_EMPCOMPENSATION_GROUP_SUM_CALCULATED": {
        "originField": "user_id",
        "targetTable": "ep_user_sfsf",
        "targetField": "user_id",
        "gbuField": "business_unit_desc"
      },
      "EC_EWORK": {
        "originField": "employee_code",
        "targetTable": "ec_job_information",
        "targetField": "user_id",
        "gbuField": "business_unit_desc"
      },
      "EC_COMPENSATION_PAY_COMPONENTS_GROUPS": {
        "originField": "user_id",
        "targetTable": "ec_job_information",
        "targetField": "user_id",
        "gbuField": "business_unit_desc"
      },
      "EC_EMPLOYEE_TIME": {
        "originField": "user_id",
        "targetTable": "ec_job_information",
        "targetField": "user_id",
        "gbuField": "business_unit_desc"
      },
      "EC_COMPENSATION_PAY_COMPONENTS": {
        "originField": "user_id",
        "targetTable": "ec_job_information",
        "targetField": "user_id",
        "gbuField": "business_unit_desc"
      },
      "EC_COMPENSATION_INFORMATION": {
        "originField": "user_id",
        "targetTable": "ec_job_information",
        "targetField": "user_id",
        "gbuField": "business_unit_desc"
      }
    }
  },
  "hdfs": {
    "rootPath": "/user/onhr_master/onhr",
    "sourcePath": "landing",
    "processedPath": "workspaces",
    "anonymisedPath": "anonymised",
    "nonAnonymisedPath": "default",
    "catalogPath": "catalog",
    "defaultSeparator": "|"
  },
  "hive": {
    "timestampFormat": "yyyy-MM-dd'T'HH:mm:sss'Z'",
    "schemaPrefix": "onhr",
    "anonymisedSuffix": "anonymised"
  },
  "jdbc": {
    "jdbcConnections": {
      "GENERAL": {
        "dbType": "mysql",
        "driver": "com.mysql.cj.jdbc.Driver",
        "username": "onhr_master",
        "password": "U9w83lY6GjVPe96BiAaub2APhN6CceFF",
        "host": "10.93.27.247",
        "port": "3306",
        "timestampFormat": "yyyy-MM-dd'T'HH:mm:sss'Z'",
        "indexPrefix": "IX_ONHR"
      },
      "MARIA_DB": {
        "dbType": "mysql",
        "driver": "org.mariadb.jdbc.Driver",
        "username": "onhr_master",
        "password": "OnHR_MTR",
        "host": "10.93.13.74",
        "port": "8336",
        "timestampFormat": "yyyy-MM-dd'T'HH:mm:sss'Z'",
        "indexPrefix": "IX_ONHR"
      },
      "GBU": {
        "dbType": "mysql",
        "driver": "org.mariadb.jdbc.Driver",
        "username": "onhr_master",
        "password": "OnHR_MTR",
        "host": "10.93.14.85",
        "port": "8301",
        "timestampFormat": "yyyy-MM-dd'T'HH:mm:sss'Z'",
        "indexPrefix": "IX_ONHR"
      }
    }
  }
}