{
  "FILE_SEPARATOR": "|",
  "LANDING_PATH_HDFS": "/user/onhr_master/onhr/landing",
  "LANDING_PATH_SFTP": "/onhr/landing/ssff/pre",
  "ONHR-CORE_PATH": "/opt/software/onhr/onhr-core/latest",
  "STAGING_PATH_NODE": "/tmp",
  "ONHR_JAR_NAME": "onhr-core-3.0.0-SNAPSHOT-shaded.jar",
  "SCHEMA_LIST": "arg,bra,chl,col,ecu,gbr,gbu,mex,peru,ury",
  "TASK_MONITOR": {
    "entities": [],
    "extractions": [],
    "failed": []
  },
  "SPARK_PROPERTIES_LOW": {
    "class": "OnHRWriter",
    "master": "yarn",
    "num-executors": "1",
    "driver-memory": "4g",
    "executor-memory": "4g",
    "executor-cores": "4",
    "conf": "spark.sql.autoBroadcastJoinThreshold=-1",
    "driver-java-options": "\"-Dlog4j.configuration=file:conf/log4j.properties\"",
    "files": "conf/properties.json",
    "FIXED_PARAMETERS": [
      "bin/onhr-core-3.0.0-SNAPSHOT-shaded.jar",
      "conf/properties.json"
    ]
  },
  "SPARK_PROPERTIES_MEDIUM": {
    "class": "OnHRWriter",
    "master": "yarn",
    "num-executors": "5",
    "driver-memory": "4g",
    "executor-memory": "4g",
    "executor-cores": "4",
    "conf": "spark.sql.autoBroadcastJoinThreshold=-1",
    "driver-java-options": "\"-Dlog4j.configuration=file:conf/log4j.properties\"",
    "files": "conf/properties.json",
    "FIXED_PARAMETERS": [
      "bin/onhr-core-3.0.0-SNAPSHOT-shaded.jar",
      "conf/properties.json"
    ]
  }
}