<?xml version="1.0" encoding="UTF-8"?>
<project-private xmlns="http://www.netbeans.org/ns/project-private/1">
    <editor-bookmarks xmlns="http://www.netbeans.org/ns/editor-bookmarks/2" lastBookmarkId="0"/>
    <open-files xmlns="http://www.netbeans.org/ns/projectui-open-files/2">
        <group>
            <file>file:/C:/Users/Gabi/Documents/NetBeansProjects/Resuelve%20Sudokus/src/resuelve/sudokus/Principal.java</file>
            <file>file:/C:/Users/Gabi/Documents/NetBeansProjects/Resuelve%20Sudokus/src/resuelve/sudokus/ResuelveSudokus.java</file>
            <file>file:/C:/Users/Gabi/Documents/NetBeansProjects/Resuelve%20Sudokus/src/interfaz/Tablero.java</file>
            <file>file:/C:/Users/Gabi/Documents/NetBeansProjects/Resuelve%20Sudokus/src/resuelve/sudokus/Matriz.java</file>
            <file>file:/C:/Users/Gabi/Documents/NetBeansProjects/Resuelve%20Sudokus/src/resuelve/sudokus/Casilla.java</file>
            <file>file:/C:/Users/Gabi/Documents/NetBeansProjects/Resuelve%20Sudokus/src/resuelve/sudokus/Metodos.java</file>
            <file>file:/C:/Users/Gabi/Documents/NetBeansProjects/Resuelve%20Sudokus/src/resuelve/sudokus/Sudoku.java</file>
        </group>
    </open-files>
</project-private>
